Environment,Observation Dim,Number of Actions,Action Space Type,Observation Space Type
ALE/Tetris-v5,210.0,5,Discrete,Box
ALE/Tetris-ram-v5,128.0,5,Discrete,Box
ALE/Asterix-v5,210.0,9,Discrete,Box
ALE/Asterix-ram-v5,128.0,9,Discrete,Box
ALE/Asteroids-v5,210.0,14,Discrete,Box
ALE/Asteroids-ram-v5,128.0,14,Discrete,Box
ALE/MsPacman-v5,210.0,9,Discrete,Box
ALE/MsPacman-ram-v5,128.0,9,Discrete,Box
ALE/Kaboom-v5,210.0,4,Discrete,Box
ALE/Kaboom-ram-v5,128.0,4,Discrete,Box
ALE/BankHeist-v5,210.0,18,Discrete,Box
ALE/BankHeist-ram-v5,128.0,18,Discrete,Box
ALE/Backgammon-v5,210.0,3,Discrete,Box
ALE/Backgammon-ram-v5,128.0,3,Discrete,Box
ALE/Klax-v5,250.0,18,Discrete,Box
ALE/Klax-ram-v5,128.0,18,Discrete,Box
ALE/Crossbow-v5,210.0,18,Discrete,Box
ALE/Crossbow-ram-v5,128.0,18,Discrete,Box
ALE/Kangaroo-v5,210.0,18,Discrete,Box
ALE/Kangaroo-ram-v5,128.0,18,Discrete,Box
ALE/Skiing-v5,210.0,3,Discrete,Box
ALE/Skiing-ram-v5,128.0,3,Discrete,Box
ALE/FishingDerby-v5,210.0,18,Discrete,Box
ALE/FishingDerby-ram-v5,128.0,18,Discrete,Box
ALE/Krull-v5,210.0,18,Discrete,Box
ALE/Krull-ram-v5,128.0,18,Discrete,Box
ALE/FlagCapture-v5,210.0,18,Discrete,Box
ALE/FlagCapture-ram-v5,128.0,18,Discrete,Box
ALE/BasicMath-v5,210.0,6,Discrete,Box
ALE/BasicMath-ram-v5,128.0,6,Discrete,Box
ALE/Berzerk-v5,210.0,18,Discrete,Box
ALE/Berzerk-ram-v5,128.0,18,Discrete,Box
ALE/Tutankham-v5,210.0,8,Discrete,Box
ALE/Tutankham-ram-v5,128.0,8,Discrete,Box
ALE/MarioBros-v5,210.0,18,Discrete,Box
ALE/MarioBros-ram-v5,128.0,18,Discrete,Box
ALE/Zaxxon-v5,210.0,18,Discrete,Box
ALE/Zaxxon-ram-v5,128.0,18,Discrete,Box
ALE/Venture-v5,210.0,18,Discrete,Box
ALE/Venture-ram-v5,128.0,18,Discrete,Box
ALE/Riverraid-v5,210.0,18,Discrete,Box
ALE/Riverraid-ram-v5,128.0,18,Discrete,Box
ALE/Centipede-v5,210.0,18,Discrete,Box
ALE/Centipede-ram-v5,128.0,18,Discrete,Box
ALE/WordZapper-v5,210.0,18,Discrete,Box
ALE/WordZapper-ram-v5,128.0,18,Discrete,Box
ALE/Adventure-v5,250.0,18,Discrete,Box
ALE/Adventure-ram-v5,128.0,18,Discrete,Box
ALE/BeamRider-v5,210.0,9,Discrete,Box
ALE/BeamRider-ram-v5,128.0,9,Discrete,Box
ALE/CrazyClimber-v5,210.0,9,Discrete,Box
ALE/CrazyClimber-ram-v5,128.0,9,Discrete,Box
ALE/TimePilot-v5,210.0,10,Discrete,Box
ALE/TimePilot-ram-v5,128.0,10,Discrete,Box
ALE/Carnival-v5,214.0,6,Discrete,Box
ALE/Carnival-ram-v5,128.0,6,Discrete,Box
ALE/Tennis-v5,210.0,18,Discrete,Box
ALE/Tennis-ram-v5,128.0,18,Discrete,Box
ALE/Seaquest-v5,210.0,18,Discrete,Box
ALE/Seaquest-ram-v5,128.0,18,Discrete,Box
ALE/Bowling-v5,210.0,6,Discrete,Box
ALE/Bowling-ram-v5,128.0,6,Discrete,Box
ALE/SpaceInvaders-v5,210.0,6,Discrete,Box
ALE/SpaceInvaders-ram-v5,128.0,6,Discrete,Box
ALE/Pitfall2-v5,210.0,18,Discrete,Box
ALE/Pitfall2-ram-v5,128.0,18,Discrete,Box
ALE/Freeway-v5,210.0,3,Discrete,Box
ALE/Freeway-ram-v5,128.0,3,Discrete,Box
ALE/YarsRevenge-v5,210.0,18,Discrete,Box
ALE/YarsRevenge-ram-v5,128.0,18,Discrete,Box
ALE/Casino-v5,210.0,4,Discrete,Box
ALE/Casino-ram-v5,128.0,4,Discrete,Box
ALE/RoadRunner-v5,210.0,18,Discrete,Box
ALE/RoadRunner-ram-v5,128.0,18,Discrete,Box
ALE/MiniatureGolf-v5,210.0,18,Discrete,Box
ALE/MiniatureGolf-ram-v5,128.0,18,Discrete,Box
ALE/JourneyEscape-v5,230.0,16,Discrete,Box
ALE/JourneyEscape-ram-v5,128.0,16,Discrete,Box
ALE/WizardOfWor-v5,210.0,10,Discrete,Box
ALE/WizardOfWor-ram-v5,128.0,10,Discrete,Box
ALE/DonkeyKong-v5,210.0,18,Discrete,Box
ALE/DonkeyKong-ram-v5,128.0,18,Discrete,Box
ALE/Gopher-v5,210.0,8,Discrete,Box
ALE/Gopher-ram-v5,128.0,8,Discrete,Box
ALE/Breakout-v5,210.0,4,Discrete,Box
ALE/Breakout-ram-v5,128.0,4,Discrete,Box
ALE/StarGunner-v5,210.0,18,Discrete,Box
ALE/StarGunner-ram-v5,128.0,18,Discrete,Box
ALE/Othello-v5,210.0,10,Discrete,Box
ALE/Othello-ram-v5,128.0,10,Discrete,Box
ALE/Atlantis-v5,210.0,4,Discrete,Box
ALE/Atlantis-ram-v5,128.0,4,Discrete,Box
ALE/TicTacToe3D-v5,210.0,10,Discrete,Box
ALE/TicTacToe3D-ram-v5,128.0,10,Discrete,Box
ALE/DoubleDunk-v5,210.0,18,Discrete,Box
ALE/DoubleDunk-ram-v5,128.0,18,Discrete,Box
ALE/Hero-v5,210.0,18,Discrete,Box
ALE/Hero-ram-v5,128.0,18,Discrete,Box
ALE/BattleZone-v5,210.0,18,Discrete,Box
ALE/BattleZone-ram-v5,128.0,18,Discrete,Box
ALE/KeystoneKapers-v5,250.0,14,Discrete,Box
ALE/KeystoneKapers-ram-v5,128.0,14,Discrete,Box
ALE/Solaris-v5,210.0,18,Discrete,Box
ALE/Solaris-ram-v5,128.0,18,Discrete,Box
ALE/UpNDown-v5,210.0,6,Discrete,Box
ALE/UpNDown-ram-v5,128.0,6,Discrete,Box
ALE/Frostbite-v5,210.0,18,Discrete,Box
ALE/Frostbite-ram-v5,128.0,18,Discrete,Box
ALE/VideoCheckers-v5,210.0,5,Discrete,Box
ALE/VideoCheckers-ram-v5,128.0,5,Discrete,Box
ALE/KungFuMaster-v5,210.0,14,Discrete,Box
ALE/KungFuMaster-ram-v5,128.0,14,Discrete,Box
ALE/Trondead-v5,210.0,18,Discrete,Box
ALE/Trondead-ram-v5,128.0,18,Discrete,Box
ALE/Earthworld-v5,210.0,18,Discrete,Box
ALE/Earthworld-ram-v5,128.0,18,Discrete,Box
ALE/Koolaid-v5,210.0,9,Discrete,Box
ALE/Koolaid-ram-v5,128.0,9,Discrete,Box
ALE/Pooyan-v5,220.0,6,Discrete,Box
ALE/Pooyan-ram-v5,128.0,6,Discrete,Box
ALE/Pitfall-v5,210.0,18,Discrete,Box
ALE/Pitfall-ram-v5,128.0,18,Discrete,Box
ALE/Turmoil-v5,210.0,12,Discrete,Box
ALE/Turmoil-ram-v5,128.0,12,Discrete,Box
ALE/Videochess-v5,210.0,10,Discrete,Box
ALE/Videochess-ram-v5,128.0,10,Discrete,Box
ALE/Entombed-v5,210.0,18,Discrete,Box
ALE/Entombed-ram-v5,128.0,18,Discrete,Box
ALE/MontezumaRevenge-v5,210.0,18,Discrete,Box
ALE/MontezumaRevenge-ram-v5,128.0,18,Discrete,Box
ALE/PrivateEye-v5,210.0,18,Discrete,Box
ALE/PrivateEye-ram-v5,128.0,18,Discrete,Box
ALE/Surround-v5,210.0,5,Discrete,Box
ALE/Surround-ram-v5,128.0,5,Discrete,Box
ALE/AirRaid-v5,250.0,6,Discrete,Box
ALE/AirRaid-ram-v5,128.0,6,Discrete,Box
ALE/Amidar-v5,210.0,10,Discrete,Box
ALE/Amidar-ram-v5,128.0,10,Discrete,Box
ALE/SpaceWar-v5,250.0,18,Discrete,Box
ALE/SpaceWar-ram-v5,128.0,18,Discrete,Box
ALE/Pacman-v5,250.0,5,Discrete,Box
ALE/Pacman-ram-v5,128.0,5,Discrete,Box
ALE/Robotank-v5,210.0,18,Discrete,Box
ALE/Robotank-ram-v5,128.0,18,Discrete,Box
ALE/LostLuggage-v5,210.0,9,Discrete,Box
ALE/LostLuggage-ram-v5,128.0,9,Discrete,Box
ALE/DemonAttack-v5,210.0,6,Discrete,Box
ALE/DemonAttack-ram-v5,128.0,6,Discrete,Box
ALE/Defender-v5,210.0,18,Discrete,Box
ALE/Defender-ram-v5,128.0,18,Discrete,Box
ALE/NameThisGame-v5,210.0,6,Discrete,Box
ALE/NameThisGame-ram-v5,128.0,6,Discrete,Box
ALE/Phoenix-v5,210.0,8,Discrete,Box
ALE/Phoenix-ram-v5,128.0,8,Discrete,Box
ALE/Gravitar-v5,210.0,18,Discrete,Box
ALE/Gravitar-ram-v5,128.0,18,Discrete,Box
ALE/Atlantis2-v5,210.0,4,Discrete,Box
ALE/Atlantis2-ram-v5,128.0,4,Discrete,Box
ALE/LaserGates-v5,250.0,18,Discrete,Box
ALE/LaserGates-ram-v5,128.0,18,Discrete,Box
ALE/ElevatorAction-v5,210.0,18,Discrete,Box
ALE/ElevatorAction-ram-v5,128.0,18,Discrete,Box
ALE/Pong-v5,210.0,6,Discrete,Box
ALE/Pong-ram-v5,128.0,6,Discrete,Box
ALE/Hangman-v5,210.0,18,Discrete,Box
ALE/Hangman-ram-v5,128.0,18,Discrete,Box
ALE/SirLancelot-v5,250.0,6,Discrete,Box
ALE/SirLancelot-ram-v5,128.0,6,Discrete,Box
ALE/VideoPinball-v5,210.0,9,Discrete,Box
ALE/VideoPinball-ram-v5,128.0,9,Discrete,Box
ALE/IceHockey-v5,210.0,18,Discrete,Box
ALE/IceHockey-ram-v5,128.0,18,Discrete,Box
ALE/Boxing-v5,210.0,18,Discrete,Box
ALE/Boxing-ram-v5,128.0,18,Discrete,Box
ALE/HauntedHouse-v5,210.0,18,Discrete,Box
ALE/HauntedHouse-ram-v5,128.0,18,Discrete,Box
ALE/Assault-v5,210.0,7,Discrete,Box
ALE/Assault-ram-v5,128.0,7,Discrete,Box
ALE/Alien-v5,210.0,18,Discrete,Box
ALE/Alien-ram-v5,128.0,18,Discrete,Box
ALE/Qbert-v5,210.0,6,Discrete,Box
ALE/Qbert-ram-v5,128.0,6,Discrete,Box
ALE/Enduro-v5,210.0,9,Discrete,Box
ALE/Enduro-ram-v5,128.0,9,Discrete,Box
ALE/Videocube-v5,210.0,18,Discrete,Box
ALE/Videocube-ram-v5,128.0,18,Discrete,Box
ALE/Et-v5,210.0,18,Discrete,Box
ALE/Et-ram-v5,128.0,18,Discrete,Box
ALE/KingKong-v5,250.0,6,Discrete,Box
ALE/KingKong-ram-v5,128.0,6,Discrete,Box
ALE/MrDo-v5,250.0,10,Discrete,Box
ALE/MrDo-ram-v5,128.0,10,Discrete,Box
ALE/Blackjack-v5,210.0,4,Discrete,Box
ALE/Blackjack-ram-v5,128.0,4,Discrete,Box
ALE/ChopperCommand-v5,210.0,18,Discrete,Box
ALE/ChopperCommand-ram-v5,128.0,18,Discrete,Box
ALE/Galaxian-v5,210.0,6,Discrete,Box
ALE/Galaxian-ram-v5,128.0,6,Discrete,Box
ALE/Frogger-v5,210.0,5,Discrete,Box
ALE/Frogger-ram-v5,128.0,5,Discrete,Box
ALE/Darkchambers-v5,210.0,18,Discrete,Box
ALE/Darkchambers-ram-v5,128.0,18,Discrete,Box
ALE/Jamesbond-v5,210.0,18,Discrete,Box
ALE/Jamesbond-ram-v5,128.0,18,Discrete,Box
ALE/HumanCannonball-v5,210.0,18,Discrete,Box
ALE/HumanCannonball-ram-v5,128.0,18,Discrete,Box
ALE/Superman-v5,210.0,18,Discrete,Box
ALE/Superman-ram-v5,128.0,18,Discrete,Box
Adventure-v4,250.0,18,Discrete,Box
AdventureDeterministic-v4,250.0,18,Discrete,Box
AdventureNoFrameskip-v4,250.0,18,Discrete,Box
Adventure-ram-v4,128.0,18,Discrete,Box
Adventure-ramDeterministic-v4,128.0,18,Discrete,Box
Adventure-ramNoFrameskip-v4,128.0,18,Discrete,Box
AirRaid-v4,250.0,6,Discrete,Box
AirRaidDeterministic-v4,250.0,6,Discrete,Box
AirRaidNoFrameskip-v4,250.0,6,Discrete,Box
AirRaid-ram-v4,128.0,6,Discrete,Box
AirRaid-ramDeterministic-v4,128.0,6,Discrete,Box
AirRaid-ramNoFrameskip-v4,128.0,6,Discrete,Box
Alien-v4,210.0,18,Discrete,Box
AlienDeterministic-v4,210.0,18,Discrete,Box
AlienNoFrameskip-v4,210.0,18,Discrete,Box
Alien-ram-v4,128.0,18,Discrete,Box
Alien-ramDeterministic-v4,128.0,18,Discrete,Box
Alien-ramNoFrameskip-v4,128.0,18,Discrete,Box
Amidar-v4,210.0,10,Discrete,Box
AmidarDeterministic-v4,210.0,10,Discrete,Box
AmidarNoFrameskip-v4,210.0,10,Discrete,Box
Amidar-ram-v4,128.0,10,Discrete,Box
Amidar-ramDeterministic-v4,128.0,10,Discrete,Box
Amidar-ramNoFrameskip-v4,128.0,10,Discrete,Box
Assault-v4,210.0,7,Discrete,Box
AssaultDeterministic-v4,210.0,7,Discrete,Box
AssaultNoFrameskip-v4,210.0,7,Discrete,Box
Assault-ram-v4,128.0,7,Discrete,Box
Assault-ramDeterministic-v4,128.0,7,Discrete,Box
Assault-ramNoFrameskip-v4,128.0,7,Discrete,Box
Asterix-v4,210.0,9,Discrete,Box
AsterixDeterministic-v4,210.0,9,Discrete,Box
AsterixNoFrameskip-v4,210.0,9,Discrete,Box
Asterix-ram-v4,128.0,9,Discrete,Box
Asterix-ramDeterministic-v4,128.0,9,Discrete,Box
Asterix-ramNoFrameskip-v4,128.0,9,Discrete,Box
Asteroids-v4,210.0,14,Discrete,Box
AsteroidsDeterministic-v4,210.0,14,Discrete,Box
AsteroidsNoFrameskip-v4,210.0,14,Discrete,Box
Asteroids-ram-v4,128.0,14,Discrete,Box
Asteroids-ramDeterministic-v4,128.0,14,Discrete,Box
Asteroids-ramNoFrameskip-v4,128.0,14,Discrete,Box
Atlantis-v4,210.0,4,Discrete,Box
AtlantisDeterministic-v4,210.0,4,Discrete,Box
AtlantisNoFrameskip-v4,210.0,4,Discrete,Box
Atlantis-ram-v4,128.0,4,Discrete,Box
Atlantis-ramDeterministic-v4,128.0,4,Discrete,Box
Atlantis-ramNoFrameskip-v4,128.0,4,Discrete,Box
BankHeist-v4,210.0,18,Discrete,Box
BankHeistDeterministic-v4,210.0,18,Discrete,Box
BankHeistNoFrameskip-v4,210.0,18,Discrete,Box
BankHeist-ram-v4,128.0,18,Discrete,Box
BankHeist-ramDeterministic-v4,128.0,18,Discrete,Box
BankHeist-ramNoFrameskip-v4,128.0,18,Discrete,Box
BattleZone-v4,210.0,18,Discrete,Box
BattleZoneDeterministic-v4,210.0,18,Discrete,Box
BattleZoneNoFrameskip-v4,210.0,18,Discrete,Box
BattleZone-ram-v4,128.0,18,Discrete,Box
BattleZone-ramDeterministic-v4,128.0,18,Discrete,Box
BattleZone-ramNoFrameskip-v4,128.0,18,Discrete,Box
BeamRider-v4,210.0,9,Discrete,Box
BeamRiderDeterministic-v4,210.0,9,Discrete,Box
BeamRiderNoFrameskip-v4,210.0,9,Discrete,Box
BeamRider-ram-v4,128.0,9,Discrete,Box
BeamRider-ramDeterministic-v4,128.0,9,Discrete,Box
BeamRider-ramNoFrameskip-v4,128.0,9,Discrete,Box
Berzerk-v4,210.0,18,Discrete,Box
BerzerkDeterministic-v4,210.0,18,Discrete,Box
BerzerkNoFrameskip-v4,210.0,18,Discrete,Box
Berzerk-ram-v4,128.0,18,Discrete,Box
Berzerk-ramDeterministic-v4,128.0,18,Discrete,Box
Berzerk-ramNoFrameskip-v4,128.0,18,Discrete,Box
Bowling-v4,210.0,6,Discrete,Box
BowlingDeterministic-v4,210.0,6,Discrete,Box
BowlingNoFrameskip-v4,210.0,6,Discrete,Box
Bowling-ram-v4,128.0,6,Discrete,Box
Bowling-ramDeterministic-v4,128.0,6,Discrete,Box
Bowling-ramNoFrameskip-v4,128.0,6,Discrete,Box
Boxing-v4,210.0,18,Discrete,Box
BoxingDeterministic-v4,210.0,18,Discrete,Box
BoxingNoFrameskip-v4,210.0,18,Discrete,Box
Boxing-ram-v4,128.0,18,Discrete,Box
Boxing-ramDeterministic-v4,128.0,18,Discrete,Box
Boxing-ramNoFrameskip-v4,128.0,18,Discrete,Box
Breakout-v4,210.0,4,Discrete,Box
BreakoutDeterministic-v4,210.0,4,Discrete,Box
BreakoutNoFrameskip-v4,210.0,4,Discrete,Box
Breakout-ram-v4,128.0,4,Discrete,Box
Breakout-ramDeterministic-v4,128.0,4,Discrete,Box
Breakout-ramNoFrameskip-v4,128.0,4,Discrete,Box
Carnival-v4,214.0,6,Discrete,Box
CarnivalDeterministic-v4,214.0,6,Discrete,Box
CarnivalNoFrameskip-v4,214.0,6,Discrete,Box
Carnival-ram-v4,128.0,6,Discrete,Box
Carnival-ramDeterministic-v4,128.0,6,Discrete,Box
Carnival-ramNoFrameskip-v4,128.0,6,Discrete,Box
Centipede-v4,210.0,18,Discrete,Box
CentipedeDeterministic-v4,210.0,18,Discrete,Box
CentipedeNoFrameskip-v4,210.0,18,Discrete,Box
Centipede-ram-v4,128.0,18,Discrete,Box
Centipede-ramDeterministic-v4,128.0,18,Discrete,Box
Centipede-ramNoFrameskip-v4,128.0,18,Discrete,Box
ChopperCommand-v4,210.0,18,Discrete,Box
ChopperCommandDeterministic-v4,210.0,18,Discrete,Box
ChopperCommandNoFrameskip-v4,210.0,18,Discrete,Box
ChopperCommand-ram-v4,128.0,18,Discrete,Box
ChopperCommand-ramDeterministic-v4,128.0,18,Discrete,Box
ChopperCommand-ramNoFrameskip-v4,128.0,18,Discrete,Box
CrazyClimber-v4,210.0,9,Discrete,Box
CrazyClimberDeterministic-v4,210.0,9,Discrete,Box
CrazyClimberNoFrameskip-v4,210.0,9,Discrete,Box
CrazyClimber-ram-v4,128.0,9,Discrete,Box
CrazyClimber-ramDeterministic-v4,128.0,9,Discrete,Box
CrazyClimber-ramNoFrameskip-v4,128.0,9,Discrete,Box
Defender-v4,210.0,18,Discrete,Box
DefenderDeterministic-v4,210.0,18,Discrete,Box
DefenderNoFrameskip-v4,210.0,18,Discrete,Box
Defender-ram-v4,128.0,18,Discrete,Box
Defender-ramDeterministic-v4,128.0,18,Discrete,Box
Defender-ramNoFrameskip-v4,128.0,18,Discrete,Box
DemonAttack-v4,210.0,6,Discrete,Box
DemonAttackDeterministic-v4,210.0,6,Discrete,Box
DemonAttackNoFrameskip-v4,210.0,6,Discrete,Box
DemonAttack-ram-v4,128.0,6,Discrete,Box
DemonAttack-ramDeterministic-v4,128.0,6,Discrete,Box
DemonAttack-ramNoFrameskip-v4,128.0,6,Discrete,Box
DoubleDunk-v4,210.0,18,Discrete,Box
DoubleDunkDeterministic-v4,210.0,18,Discrete,Box
DoubleDunkNoFrameskip-v4,210.0,18,Discrete,Box
DoubleDunk-ram-v4,128.0,18,Discrete,Box
DoubleDunk-ramDeterministic-v4,128.0,18,Discrete,Box
DoubleDunk-ramNoFrameskip-v4,128.0,18,Discrete,Box
ElevatorAction-v4,210.0,18,Discrete,Box
ElevatorActionDeterministic-v4,210.0,18,Discrete,Box
ElevatorActionNoFrameskip-v4,210.0,18,Discrete,Box
ElevatorAction-ram-v4,128.0,18,Discrete,Box
ElevatorAction-ramDeterministic-v4,128.0,18,Discrete,Box
ElevatorAction-ramNoFrameskip-v4,128.0,18,Discrete,Box
Enduro-v4,210.0,9,Discrete,Box
EnduroDeterministic-v4,210.0,9,Discrete,Box
EnduroNoFrameskip-v4,210.0,9,Discrete,Box
Enduro-ram-v4,128.0,9,Discrete,Box
Enduro-ramDeterministic-v4,128.0,9,Discrete,Box
Enduro-ramNoFrameskip-v4,128.0,9,Discrete,Box
FishingDerby-v4,210.0,18,Discrete,Box
FishingDerbyDeterministic-v4,210.0,18,Discrete,Box
FishingDerbyNoFrameskip-v4,210.0,18,Discrete,Box
FishingDerby-ram-v4,128.0,18,Discrete,Box
FishingDerby-ramDeterministic-v4,128.0,18,Discrete,Box
FishingDerby-ramNoFrameskip-v4,128.0,18,Discrete,Box
Freeway-v4,210.0,3,Discrete,Box
FreewayDeterministic-v4,210.0,3,Discrete,Box
FreewayNoFrameskip-v4,210.0,3,Discrete,Box
Freeway-ram-v4,128.0,3,Discrete,Box
Freeway-ramDeterministic-v4,128.0,3,Discrete,Box
Freeway-ramNoFrameskip-v4,128.0,3,Discrete,Box
Frostbite-v4,210.0,18,Discrete,Box
FrostbiteDeterministic-v4,210.0,18,Discrete,Box
FrostbiteNoFrameskip-v4,210.0,18,Discrete,Box
Frostbite-ram-v4,128.0,18,Discrete,Box
Frostbite-ramDeterministic-v4,128.0,18,Discrete,Box
Frostbite-ramNoFrameskip-v4,128.0,18,Discrete,Box
Gopher-v4,210.0,8,Discrete,Box
GopherDeterministic-v4,210.0,8,Discrete,Box
GopherNoFrameskip-v4,210.0,8,Discrete,Box
Gopher-ram-v4,128.0,8,Discrete,Box
Gopher-ramDeterministic-v4,128.0,8,Discrete,Box
Gopher-ramNoFrameskip-v4,128.0,8,Discrete,Box
Gravitar-v4,210.0,18,Discrete,Box
GravitarDeterministic-v4,210.0,18,Discrete,Box
GravitarNoFrameskip-v4,210.0,18,Discrete,Box
Gravitar-ram-v4,128.0,18,Discrete,Box
Gravitar-ramDeterministic-v4,128.0,18,Discrete,Box
Gravitar-ramNoFrameskip-v4,128.0,18,Discrete,Box
Hero-v4,210.0,18,Discrete,Box
HeroDeterministic-v4,210.0,18,Discrete,Box
HeroNoFrameskip-v4,210.0,18,Discrete,Box
Hero-ram-v4,128.0,18,Discrete,Box
Hero-ramDeterministic-v4,128.0,18,Discrete,Box
Hero-ramNoFrameskip-v4,128.0,18,Discrete,Box
IceHockey-v4,210.0,18,Discrete,Box
IceHockeyDeterministic-v4,210.0,18,Discrete,Box
IceHockeyNoFrameskip-v4,210.0,18,Discrete,Box
IceHockey-ram-v4,128.0,18,Discrete,Box
IceHockey-ramDeterministic-v4,128.0,18,Discrete,Box
IceHockey-ramNoFrameskip-v4,128.0,18,Discrete,Box
Jamesbond-v4,210.0,18,Discrete,Box
JamesbondDeterministic-v4,210.0,18,Discrete,Box
JamesbondNoFrameskip-v4,210.0,18,Discrete,Box
Jamesbond-ram-v4,128.0,18,Discrete,Box
Jamesbond-ramDeterministic-v4,128.0,18,Discrete,Box
Jamesbond-ramNoFrameskip-v4,128.0,18,Discrete,Box
JourneyEscape-v4,230.0,16,Discrete,Box
JourneyEscapeDeterministic-v4,230.0,16,Discrete,Box
JourneyEscapeNoFrameskip-v4,230.0,16,Discrete,Box
JourneyEscape-ram-v4,128.0,16,Discrete,Box
JourneyEscape-ramDeterministic-v4,128.0,16,Discrete,Box
JourneyEscape-ramNoFrameskip-v4,128.0,16,Discrete,Box
Kangaroo-v4,210.0,18,Discrete,Box
KangarooDeterministic-v4,210.0,18,Discrete,Box
KangarooNoFrameskip-v4,210.0,18,Discrete,Box
Kangaroo-ram-v4,128.0,18,Discrete,Box
Kangaroo-ramDeterministic-v4,128.0,18,Discrete,Box
Kangaroo-ramNoFrameskip-v4,128.0,18,Discrete,Box
Krull-v4,210.0,18,Discrete,Box
KrullDeterministic-v4,210.0,18,Discrete,Box
KrullNoFrameskip-v4,210.0,18,Discrete,Box
Krull-ram-v4,128.0,18,Discrete,Box
Krull-ramDeterministic-v4,128.0,18,Discrete,Box
Krull-ramNoFrameskip-v4,128.0,18,Discrete,Box
KungFuMaster-v4,210.0,14,Discrete,Box
KungFuMasterDeterministic-v4,210.0,14,Discrete,Box
KungFuMasterNoFrameskip-v4,210.0,14,Discrete,Box
KungFuMaster-ram-v4,128.0,14,Discrete,Box
KungFuMaster-ramDeterministic-v4,128.0,14,Discrete,Box
KungFuMaster-ramNoFrameskip-v4,128.0,14,Discrete,Box
MontezumaRevenge-v4,210.0,18,Discrete,Box
MontezumaRevengeDeterministic-v4,210.0,18,Discrete,Box
MontezumaRevengeNoFrameskip-v4,210.0,18,Discrete,Box
MontezumaRevenge-ram-v4,128.0,18,Discrete,Box
MontezumaRevenge-ramDeterministic-v4,128.0,18,Discrete,Box
MontezumaRevenge-ramNoFrameskip-v4,128.0,18,Discrete,Box
MsPacman-v4,210.0,9,Discrete,Box
MsPacmanDeterministic-v4,210.0,9,Discrete,Box
MsPacmanNoFrameskip-v4,210.0,9,Discrete,Box
MsPacman-ram-v4,128.0,9,Discrete,Box
MsPacman-ramDeterministic-v4,128.0,9,Discrete,Box
MsPacman-ramNoFrameskip-v4,128.0,9,Discrete,Box
NameThisGame-v4,210.0,6,Discrete,Box
NameThisGameDeterministic-v4,210.0,6,Discrete,Box
NameThisGameNoFrameskip-v4,210.0,6,Discrete,Box
NameThisGame-ram-v4,128.0,6,Discrete,Box
NameThisGame-ramDeterministic-v4,128.0,6,Discrete,Box
NameThisGame-ramNoFrameskip-v4,128.0,6,Discrete,Box
Phoenix-v4,210.0,8,Discrete,Box
PhoenixDeterministic-v4,210.0,8,Discrete,Box
PhoenixNoFrameskip-v4,210.0,8,Discrete,Box
Phoenix-ram-v4,128.0,8,Discrete,Box
Phoenix-ramDeterministic-v4,128.0,8,Discrete,Box
Phoenix-ramNoFrameskip-v4,128.0,8,Discrete,Box
Pitfall-v4,210.0,18,Discrete,Box
PitfallDeterministic-v4,210.0,18,Discrete,Box
PitfallNoFrameskip-v4,210.0,18,Discrete,Box
Pitfall-ram-v4,128.0,18,Discrete,Box
Pitfall-ramDeterministic-v4,128.0,18,Discrete,Box
Pitfall-ramNoFrameskip-v4,128.0,18,Discrete,Box
Pong-v4,210.0,6,Discrete,Box
PongDeterministic-v4,210.0,6,Discrete,Box
PongNoFrameskip-v4,210.0,6,Discrete,Box
Pong-ram-v4,128.0,6,Discrete,Box
Pong-ramDeterministic-v4,128.0,6,Discrete,Box
Pong-ramNoFrameskip-v4,128.0,6,Discrete,Box
Pooyan-v4,220.0,6,Discrete,Box
PooyanDeterministic-v4,220.0,6,Discrete,Box
PooyanNoFrameskip-v4,220.0,6,Discrete,Box
Pooyan-ram-v4,128.0,6,Discrete,Box
Pooyan-ramDeterministic-v4,128.0,6,Discrete,Box
Pooyan-ramNoFrameskip-v4,128.0,6,Discrete,Box
PrivateEye-v4,210.0,18,Discrete,Box
PrivateEyeDeterministic-v4,210.0,18,Discrete,Box
PrivateEyeNoFrameskip-v4,210.0,18,Discrete,Box
PrivateEye-ram-v4,128.0,18,Discrete,Box
PrivateEye-ramDeterministic-v4,128.0,18,Discrete,Box
PrivateEye-ramNoFrameskip-v4,128.0,18,Discrete,Box
Qbert-v4,210.0,6,Discrete,Box
QbertDeterministic-v4,210.0,6,Discrete,Box
QbertNoFrameskip-v4,210.0,6,Discrete,Box
Qbert-ram-v4,128.0,6,Discrete,Box
Qbert-ramDeterministic-v4,128.0,6,Discrete,Box
Qbert-ramNoFrameskip-v4,128.0,6,Discrete,Box
Riverraid-v4,210.0,18,Discrete,Box
RiverraidDeterministic-v4,210.0,18,Discrete,Box
RiverraidNoFrameskip-v4,210.0,18,Discrete,Box
Riverraid-ram-v4,128.0,18,Discrete,Box
Riverraid-ramDeterministic-v4,128.0,18,Discrete,Box
Riverraid-ramNoFrameskip-v4,128.0,18,Discrete,Box
RoadRunner-v4,210.0,18,Discrete,Box
RoadRunnerDeterministic-v4,210.0,18,Discrete,Box
RoadRunnerNoFrameskip-v4,210.0,18,Discrete,Box
RoadRunner-ram-v4,128.0,18,Discrete,Box
RoadRunner-ramDeterministic-v4,128.0,18,Discrete,Box
RoadRunner-ramNoFrameskip-v4,128.0,18,Discrete,Box
Robotank-v4,210.0,18,Discrete,Box
RobotankDeterministic-v4,210.0,18,Discrete,Box
RobotankNoFrameskip-v4,210.0,18,Discrete,Box
Robotank-ram-v4,128.0,18,Discrete,Box
Robotank-ramDeterministic-v4,128.0,18,Discrete,Box
Robotank-ramNoFrameskip-v4,128.0,18,Discrete,Box
Seaquest-v4,210.0,18,Discrete,Box
SeaquestDeterministic-v4,210.0,18,Discrete,Box
SeaquestNoFrameskip-v4,210.0,18,Discrete,Box
Seaquest-ram-v4,128.0,18,Discrete,Box
Seaquest-ramDeterministic-v4,128.0,18,Discrete,Box
Seaquest-ramNoFrameskip-v4,128.0,18,Discrete,Box
Skiing-v4,210.0,3,Discrete,Box
SkiingDeterministic-v4,210.0,3,Discrete,Box
SkiingNoFrameskip-v4,210.0,3,Discrete,Box
Skiing-ram-v4,128.0,3,Discrete,Box
Skiing-ramDeterministic-v4,128.0,3,Discrete,Box
Skiing-ramNoFrameskip-v4,128.0,3,Discrete,Box
Solaris-v4,210.0,18,Discrete,Box
SolarisDeterministic-v4,210.0,18,Discrete,Box
SolarisNoFrameskip-v4,210.0,18,Discrete,Box
Solaris-ram-v4,128.0,18,Discrete,Box
Solaris-ramDeterministic-v4,128.0,18,Discrete,Box
Solaris-ramNoFrameskip-v4,128.0,18,Discrete,Box
SpaceInvaders-v4,210.0,6,Discrete,Box
SpaceInvadersDeterministic-v4,210.0,6,Discrete,Box
SpaceInvadersNoFrameskip-v4,210.0,6,Discrete,Box
SpaceInvaders-ram-v4,128.0,6,Discrete,Box
SpaceInvaders-ramDeterministic-v4,128.0,6,Discrete,Box
SpaceInvaders-ramNoFrameskip-v4,128.0,6,Discrete,Box
StarGunner-v4,210.0,18,Discrete,Box
StarGunnerDeterministic-v4,210.0,18,Discrete,Box
StarGunnerNoFrameskip-v4,210.0,18,Discrete,Box
StarGunner-ram-v4,128.0,18,Discrete,Box
StarGunner-ramDeterministic-v4,128.0,18,Discrete,Box
StarGunner-ramNoFrameskip-v4,128.0,18,Discrete,Box
Tennis-v4,210.0,18,Discrete,Box
TennisDeterministic-v4,210.0,18,Discrete,Box
TennisNoFrameskip-v4,210.0,18,Discrete,Box
Tennis-ram-v4,128.0,18,Discrete,Box
Tennis-ramDeterministic-v4,128.0,18,Discrete,Box
Tennis-ramNoFrameskip-v4,128.0,18,Discrete,Box
TimePilot-v4,210.0,10,Discrete,Box
TimePilotDeterministic-v4,210.0,10,Discrete,Box
TimePilotNoFrameskip-v4,210.0,10,Discrete,Box
TimePilot-ram-v4,128.0,10,Discrete,Box
TimePilot-ramDeterministic-v4,128.0,10,Discrete,Box
TimePilot-ramNoFrameskip-v4,128.0,10,Discrete,Box
Tutankham-v4,210.0,8,Discrete,Box
TutankhamDeterministic-v4,210.0,8,Discrete,Box
TutankhamNoFrameskip-v4,210.0,8,Discrete,Box
Tutankham-ram-v4,128.0,8,Discrete,Box
Tutankham-ramDeterministic-v4,128.0,8,Discrete,Box
Tutankham-ramNoFrameskip-v4,128.0,8,Discrete,Box
UpNDown-v4,210.0,6,Discrete,Box
UpNDownDeterministic-v4,210.0,6,Discrete,Box
UpNDownNoFrameskip-v4,210.0,6,Discrete,Box
UpNDown-ram-v4,128.0,6,Discrete,Box
UpNDown-ramDeterministic-v4,128.0,6,Discrete,Box
UpNDown-ramNoFrameskip-v4,128.0,6,Discrete,Box
Venture-v4,210.0,18,Discrete,Box
VentureDeterministic-v4,210.0,18,Discrete,Box
VentureNoFrameskip-v4,210.0,18,Discrete,Box
Venture-ram-v4,128.0,18,Discrete,Box
Venture-ramDeterministic-v4,128.0,18,Discrete,Box
Venture-ramNoFrameskip-v4,128.0,18,Discrete,Box
VideoPinball-v4,210.0,9,Discrete,Box
VideoPinballDeterministic-v4,210.0,9,Discrete,Box
VideoPinballNoFrameskip-v4,210.0,9,Discrete,Box
VideoPinball-ram-v4,128.0,9,Discrete,Box
VideoPinball-ramDeterministic-v4,128.0,9,Discrete,Box
VideoPinball-ramNoFrameskip-v4,128.0,9,Discrete,Box
WizardOfWor-v4,210.0,10,Discrete,Box
WizardOfWorDeterministic-v4,210.0,10,Discrete,Box
WizardOfWorNoFrameskip-v4,210.0,10,Discrete,Box
WizardOfWor-ram-v4,128.0,10,Discrete,Box
WizardOfWor-ramDeterministic-v4,128.0,10,Discrete,Box
WizardOfWor-ramNoFrameskip-v4,128.0,10,Discrete,Box
YarsRevenge-v4,210.0,18,Discrete,Box
YarsRevengeDeterministic-v4,210.0,18,Discrete,Box
YarsRevengeNoFrameskip-v4,210.0,18,Discrete,Box
YarsRevenge-ram-v4,128.0,18,Discrete,Box
YarsRevenge-ramDeterministic-v4,128.0,18,Discrete,Box
YarsRevenge-ramNoFrameskip-v4,128.0,18,Discrete,Box
Zaxxon-v4,210.0,18,Discrete,Box
ZaxxonDeterministic-v4,210.0,18,Discrete,Box
ZaxxonNoFrameskip-v4,210.0,18,Discrete,Box
Zaxxon-ram-v4,128.0,18,Discrete,Box
Zaxxon-ramDeterministic-v4,128.0,18,Discrete,Box
Zaxxon-ramNoFrameskip-v4,128.0,18,Discrete,Box
CartPole-v1,4.0,2,Discrete,Box
MountainCar-v0,2.0,3,Discrete,Box
MountainCarContinuous-v0,2.0,1,Box,Box
Pendulum-v1,3.0,1,Box,Box
Acrobot-v1,6.0,3,Discrete,Box
FrozenLake-v1,,4,Discrete,Discrete
FrozenLake8x8-v1,,4,Discrete,Discrete
CliffWalking-v0,,4,Discrete,Discrete
Taxi-v3,,6,Discrete,Discrete
